hole_id,quality,gouge,tectonic_breccia,alpha,class,confidence,x,y,z
E6A5N949,broken,N,N,70,3,3,2923489.534,751353.0471,4086.374867
E6A5N949,solid,N,N,,0,4,2923484.705,751360.3466,4065.647335
E6A5N949,broken,N,N,60,3,3,2923481.728,751364.4345,4053.671433
E6A5N949,solid,N,N,,0,3,2923440.394,751413.5586,3900.050395
E6A5N949,broken,N,N,50,3,3,2923401.057,751464.7242,3746.573465
E6A5N949,solid,N,N,,0,4,2923357.093,751528.1823,3560.450523
E6A5N949,broken,N,N,80,3,3,2923314.645,751591.6722,3371.287198
E6A5N949,solid,N,N,,0,4,2923310.128,751598.7442,3350.410549
33KM6Z05,solid,N,N,,0,4,2925295.767,752321.8419,4071.483228
33KM6Z05,broken,N,N,50,3,4,2925286.588,752338.1926,4037.286682
33KM6Z05,solid,N,N,,0,4,2925269.714,752368.4841,3973.6164980000003
33KM6Z05,broken,N,N,30,3,4,2925253.184,752399.326,3908.9808519999997
33KM6Z05,broken,Y,N,40,2,2,2925251.959,752401.6563,3904.151942
33KM6Z05,solid,N,N,,0,4,2925250.517,752404.4133,3898.445045
33KM6Z05,broken,N,N,30,3,3,2925248.42,752408.4483,3890.104034
33KM6Z05,solid,N,N,,0,4,2925240.516,752423.799,3858.2302440000003
33KM6Z05,broken,N,N,30,3,3,2925228.53,752447.55,3808.9533069999998
33KM6Z05,solid,N,N,,0,4,2925215.868,752473.1719,3755.9132440000003
33KM6Z05,broken,N,N,70,3,3,2925208.144,752488.828,3723.290649
33KM6Z05,broken,N,N,70,3,3,2925207.83,752489.4625,3721.968214
33KM6Z05,solid,N,N,,0,4,2925192.631,752520.0689,3658.026979
33KM6Z05,broken,N,N,60,3,4,2925177.02,752551.9139,3591.375518
33KM6Z05,solid,N,N,,0,4,2925154.393,752599.519,3491.421986
33KM6Z05,rubble,Y,N,,1,4,2925132.954,752645.7217,3393.92514
33KM6Z05,rubble,Y,N,60,2,4,2925132.468,752646.7687,3391.707613
39RAU94V,solid,N,N,,0,4,2920572.33,750066.5942,4141.210942
39RAU94V,broken,N,N,70,3,4,2920572.577,750066.333,4115.213427
39RAU94V,solid,N,N,,0,4,2920577.7,750059.5058,3632.790622
39RAU94V,broken,N,N,60,3,4,2920583.126,750052.334,3150.908362
39RAU94V,solid,N,N,,0,4,2920583.204,750052.2855,3147.4095611000002
TLEJ13V7,solid,N,N,,0,4,2919042.565,748011.8575,4039.327435
TLEJ13V7,broken,N,N,75,3,4,2919041.296,748012.8024,3909.338199
TLEJ13V7,solid,N,N,,0,4,2919041.034,748013.2506,3877.342428
TLEJ13V7,broken,N,N,35,3,4,2919040.907,748013.5253,3856.8446670000003
TLEJ13V7,solid,N,N,,0,4,2919040.89,748013.8672,3833.847329
TLEJ13V7,broken,N,N,60,3,4,2919040.84,748014.2307,3809.600173
TLEJ13V7,solid,N,N,,0,4,2919040.825,748014.3376,3802.601008
TLEJ13V7,broken,N,N,50,3,4,2919040.825,748014.4662,3794.3520120000003
TLEJ13V7,solid,N,N,,0,4,2919039.153,748022.0662,3196.911987
UDVDG0VK,solid,N,N,,0,4,2917885.488,747608.808,4111.861362
UDVDG0VK,broken,N,N,60,3,3,2917884.88,747610.4211,4064.392769
UDVDG0VK,solid,N,N,,0,4,2917884.582,747611.5307,4030.9125599999998
UDVDG0VK,broken,N,N,10,3,3,2917884.349,747612.4604,4001.928434
UDVDG0VK,solid,N,N,,0,3,2917884.312,747612.744,3993.683395
UDVDG0VK,broken,N,N,70,3,3,2917884.192,747614.0461,3956.206213
UDVDG0VK,solid,N,N,,0,4,2917883.94,747616.8492,3871.503057
UDVDG0VK,broken,N,N,75,3,4,2917883.864,747618.5691,3814.5291150000003
UDVDG0VK,solid,N,N,,0,4,2917883.84,747620.1715,3763.054064
UDVDG0VK,broken,N,N,60,3,4,2917883.738,747622.1061,3701.084351
UDVDG0VK,solid,N,N,,0,4,2917882.002,747634.0173,3288.010338
UDVDG0VK,broken,N,N,70,3,4,2917880.864,747642.4205,2887.602585
UDVDG0VK,solid,N,N,,0,4,2917880.817,747643.2333,2846.860746
U3951B21,solid,N,N,,0,4,2917986.711,748191.7435,3682.523362
U3951B21,broken,N,N,60,3,2,2917966.218,748234.5211,3199.103862
U3951B21,solid,N,N,,0,4,2917964.888,748236.5706,3173.72119
U3951B21,broken,N,N,10,3,4,2917963.878,748238.0839,3154.808473
U3951B21,solid,N,N,,0,4,2917959.911,748243.7118,3083.138544
U3951B21,broken,N,N,35,3,3,2917955.743,748249.141,3011.866517
U3951B21,broken,N,Y,50,2,4,2917955.533,748249.4021,3008.382561
U3951B21,broken,N,N,65,3,3,2917955.164,748249.8599,3002.2607583999998
U3951B21,solid,N,N,,0,4,2917954.514,748250.6573,2991.560064
U3951B21,broken,N,N,70,3,4,2917952.675,748252.8624,2961.6978043999998
68NNDKOP,solid,N,N,,0,4,2916349.481,747731.3756,4085.572275
68NNDKOP,broken,N,N,75,3,3,2916349.663,747730.9869,4017.823636
68NNDKOP,solid,N,N,,0,4,2916349.854,747730.617,3959.32512
68NNDKOP,broken,N,N,40,3,4,2916350.085,747730.2028,3899.076986
68NNDKOP,solid,N,N,,0,3,2916350.136,747730.1145,3886.82741
68NNDKOP,broken,N,Y,10,3,4,2916350.213,747729.9821,3868.8280640000003
68NNDKOP,solid,N,N,,0,4,2916350.564,747729.4559,3793.580726
68NNDKOP,broken,N,N,40,3,3,2916350.93,747729.0445,3722.582867
68NNDKOP,solid,N,N,,0,4,2916351.002,747728.977,3709.333236
68NNDKOP,broken,N,N,30,3,4,2916351.184,747728.8236,3676.834108
68NNDKOP,solid,N,N,,0,4,2916351.545,747728.5831,3615.935653
68NNDKOP,Broken,N,Y,50,3,4,2916351.766,747728.4712,3580.436522
68NNDKOP,Solid,N,N,,0,4,2916351.859,747728.4319,3566.086872
QJ3X1TUE,Solid,N,N,,0,4,2917269.43,747793.2635,4086.861946
QJ3X1TUE,Broken,N,N,5,3,1,2917269.373,747793.9663,4001.364858
QJ3X1TUE,Solid,N,N,,0,4,2917269.259,747794.887,3902.119201
QJ3X1TUE,Broken,N,N,75,3,3,2917269.091,747795.9368,3801.374817
QJ3X1TUE,Solid,N,N,,0,3,2917269.005,747796.4087,3759.377556
QJ3X1TUE,Broken,N,N,70,3,2,2917268.917,747796.8649,3720.3803239999997
QJ3X1TUE,Solid,N,N,,0,4,2917268.816,747797.3664,3679.133497
QJ3X1TUE,Broken,N,N,30,3,3,2917268.702,747797.9034,3636.6370420000003
QJ3X1TUE,Solid,N,N,,0,4,2917268.657,747798.1109,3620.638452
QJ3X1TUE,Broken,N,N,40,3,2,2917268.607,747798.3379,3603.390019
QJ3X1TUE,Solid,N,N,,0,4,2917267.968,747800.6028,3435.156503
QJ3X1TUE,Solid,N,N,70,3,2,2917266.992,747802.8025,3267.92385
QJ3X1TUE,Solid,N,N,,0,3,2917266.456,747803.7477,3194.681912
O0L0IIXR,Solid,N,N,,0,3,2916045.626,748229.4155,4069.673539
O0L0IIXR,Solid,N,N,10,3,3,2916038.773,748239.7893,4027.4666150000003
O0L0IIXR,Solid,N,N,,0,3,2916036.759,748242.8261,4014.9878120000003
O0L0IIXR,Solid,N,N,40,3,3,2916034.479,748246.2563,4000.824467
O0L0IIXR,Solid,N,N,,0,3,2916031.667,748250.4774,3983.293439
O0L0IIXR,Broken,N,Y,35,2,2,2916029.248,748254.1,3968.1578259999997
O0L0IIXR,Broken,N,N,50,3,2,2916028.558,748255.1316,3963.832332
O0L0IIXR,Solid,N,N,,0,3,2916025.842,748259.1855,3946.7661989999997
O0L0IIXR,Broken,N,N,30,3,2,2916023.174,748263.1588,3929.933493
O0L0IIXR,Solid,N,N,,0,3,2916021.045,748266.3207,3916.462392
O0L0IIXR,Broken,N,N,60,3,2,2916019.225,748269.0191,3904.912256
O0L0IIXR,Solid,N,N,,0,3,2916014.089,748276.6048,3872.1695449999997
XX6KUS65,Solid,N,N,,0,4,2923048.967,750587.7725,4118.625543
XX6KUS65,Solid,N,N,40,3,3,2923043.023,750595.8735,4103.711007
XX6KUS65,Solid,N,N,,0,4,2923032.307,750613.7783,4073.1563
XX6KUS65,Rubble,N,Y,30,2,4,2923022.521,750630.1305,4045.301497
XX6KUS65,Solid,N,N,,0,4,2922978.011,750704.5013,3919.218884
XX6KUS65,Broken,N,N,15,3,3,2922931.432,750782.3282,3788.322179
XX6KUS65,Solid,N,N,,0,4,2922845.735,750925.517,3550.229187
XX6KUS65,Rubble,Y,Y,45,1,2,2922761.661,751065.9945,3320.004188
XX6KUS65,Solid,N,N,,0,4,2922751.714,751082.6159,3292.9795
QHX6MMK1,Solid,N,N,,0,4,2917782.159,749210.6312,3993.277261
QHX6MMK1,Broken,N,N,20,3,2,2917748.706,749262.1446,3834.226467
QHX6MMK1,Solid,N,N,,0,3,2917735.378,749282.6686,3772.39315
QHX6MMK1,Broken,N,N,30,3,3,2917722.273,749302.8486,3711.472968
QHX6MMK1,Solid,N,N,,0,4,2917702.044,749333.9987,3615.939367
QHX6MMK1,Broken,N,Y,60,2,3,2917682.636,749363.883,3522.503522
QHX6MMK1,Broken,N,N,60,3,2,2917681.482,749365.6601,3516.890158
QHX6MMK1,Solid,N,N,,0,3,2917676.591,749373.1929,3493.024321
PHF6W3QP,Solid,N,N,,0,4,2920052.064,747908.3584,3934.303109
PHF6W3QP,Broken,N,Y,40,2,3,2920052.128,747908.9226,3732.304244
PHF6W3QP,Solid,N,N,,0,3,2920049.255,747904.8592,3104.330973
FR079HF7,Broken,N,N,,3,2,2918491.314,749568.8149,4115.957134
FR079HF7,Solid,N,N,,0,3,2918478.246,749588.9378,4091.86788
FR079HF7,Broken,N,Y,70,2,3,2918471.136,749599.8851,4078.758132
FR079HF7,Solid,N,N,,0,3,2918464.796,749609.6477,4067.064252
FR079HF7,Rubble,N,N,40,2,2,2918459.129,749618.374,4056.609512
FR079HF7,Solid,N,N,,0,3,2918437.908,749651.0525,4017.439148
FR079HF7,Broken,N,N,45,3,2,2918416.31,749684.3096,3977.544594
FR079HF7,Solid,N,N,,0,3,2918407.002,749698.6432,3960.3408710000003
FR079HF7,Broken,N,Y,20,2,2,2918397.791,749712.8266,3943.311698
FR079HF7,Broken,N,Y,,3,2,2918396.064,749715.4857,3940.1184169999997
FR079HF7,Solid,N,N,,0,3,2918356.745,749776.0321,3867.3559720000003
FR079HF7,Broken,N,N,60,3,2,2918318.029,749835.6503,3795.6085279999998
FR079HF7,Solid,N,N,,0,3,2918315.155,749840.0758,3790.278776
FR079HF7,Broken,N,N,,3,2,2918312.568,749844.0584,3785.481766
FR079HF7,solid,N,N,,0,3,2918292.455,749875.0302,3748.1661599999998
PTM8CNWU,Broken,N,N,,3,2,2919813.618,748269.0233,4143.576
PTM8CNWU,Solid,N,N,,0,4,2919813.573,748269.0928,4054.076044
PTM8CNWU,Broken,N,N,80,3,3,2919813.469,748269.2522,3964.826252
PTM8CNWU,Solid,N,N,,0,3,2919810.449,748273.9036,3237.850314
198GGHAS,solid,N,N,,0,4,2918729.419,749941.3144,4142.80011
198GGHAS,Broken,N,N,75,3,3,2918729.184,749941.3312,4115.301162
198GGHAS,Solid,N,N,,0,4,2918728.909,749941.3509,4094.803017
198GGHAS,Broken,N,N,30,3,4,2918728.661,749941.369,4076.804745
198GGHAS,Solid,N,N,,0,4,2918726.656,749941.524,3926.81823
Q8GBDC67,Solid,N,N,,0,4,2919304.45,749800.2076,3887.111883
Q8GBDC67,Broken,N,N,65,3,3,2919306.155,749800.0652,3612.6176539999997
Q8GBDC67,Solid,N,N,,0,4,2919306.335,749800.1297,3541.1179184000002
Q8GBDC67,Broken,N,N,20,2,3,2919306.409,749800.236,3469.118041
Q8GBDC67,Solid,N,N,,0,4,2919306.414,749800.25,3460.6180538999997
PMXNXKAL,solid,N,N,,0,4,2926245.231,753800.4325,3977.1270480000003
PMXNXKAL,Broken,N,N,20,2,4,2926214.503,753847.7496,3862.232094
PMXNXKAL,Solid,N,N,,0,3,2926153.258,753942.0588,3627.813059
PMXNXKAL,Broken,N,N,15,3,3,2926094.564,754032.4398,3390.6519522999997
PMXNXKAL,solid,N,N,,0,4,2926068.776,754072.149,3285.302892
OX29ADIR,solid,N,N,,0,4,2919611.215,748594.3426,4099.920949
OX29ADIR,Broken,N,N,70,3,4,2919610.95,748594.1156,4043.922075
OX29ADIR,solid,N,N,,0,4,2919610.903,748594.015,4018.172317
OX29ADIR,Broken,N,N,70,3,4,2919610.929,748593.8562,3976.172641
OX29ADIR,solid,N,N,,0,4,2919611.442,748597.9326,3282.690921
J7BXMD16,,,,,0,0,2927002.775,754125.1052,4072.654493
J7BXMD16,broken,N,N,60,3,4,2926990.547,754143.9354,4041.9968719999997
J7BXMD16,solid,N,N,,0,4,2926811.365,754419.8512,3591.31101
0XH11F01,Solid,N,N,,0,4,2920714.189,748371.7128,4003.317134
0XH11F01,Broken,N,N,80,3,4,2920714.171,748373.5859,3850.32872
0XH11F01,Solid,N,N,,0,4,2920712.065,748380.7016,3145.876807
2JXYK1LG,Solid,N,N,,0,4,2917328.892,749167.2029,3869.5097109999997
2JXYK1LG,broken,N,Y,50,3,4,2917293.852,749221.1587,3566.772833
2JXYK1LG,Solid,N,N,,0,4,2917291.936,749224.1099,3549.630267
T4CKCK27,solid,N,N,,0,4,2918426.962,747501.361,4112.808279
T4CKCK27,Broken,N,N,75,3,4,2918425.878,747503.0299,4061.847141
T4CKCK27,solid,N,N,,0,4,2918421.743,747509.3987,3803.460689
T4CKCK27,broken,N,N,70,3,4,2918417.477,747515.9678,3552.083312
T4CKCK27,solid,N,N,,0,4,2918411.933,747524.5039,3267.265158
T4CKCK27,broken,N,N,45,2,4,2918406.506,747532.8603,2981.939077
T4CKCK27,solid,N,N,,0,4,2918403.228,747537.9092,2809.54416
CQWMKG2X,solid,N,N,,0,4,2918588.149,748672.7994,3620.043409
YFFQ06U7,solid,N,N,,0,4,2920073.318,749362.4836,3501.673669
Y3FHLS1O,solid,N,N,,0,4,2918590.576,747250.5818,3399.608286
Y3FHLS1O,broken,N,N,60,3,4,2918573.847,747274.2363,2647.709298
Y3FHLS1O,solid,N,N,,0,4,2918573.331,747274.5535,2635.223977
SUON9587,solid,N,N,,0,4,2919837.176,749709.6851,3648.0172039999998
SUON9587,Broken,N,N,50,3,4,2919838.151,749706.0413,3139.5528099000003
SUON9587,Solid,N,N,,0,4,2919838.073,749706.0523,3135.053495
SUON9587,Broken,N,N,35,2,4,2919838.013,749706.0608,3131.554028
SUON9587,solid,N,N,,0,4,2919837.866,749706.0814,3123.0553228999997
OZ0LZINS,solid,N,N,,0,4,2917378.953,746912.6956,4137.130012
OZ0LZINS,Broken,N,N,60,3,4,2917379.003,746912.4743,4100.630802
OZ0LZINS,solid,N,N,,0,4,2917373.056,746906.2641,3572.710103
H9F6HRMX,Solid,N,N,,0,4,2920288.231,749037.1422,4114.600697
H9F6HRMX,broken,N,N,85,3,4,2920287.702,749037.4206,4079.605915
H9F6HRMX,solid,N,N,,0,4,2920280.441,749050.0283,3360.766781
H9F6HRMX,Broken,N,N,85,3,4,2920287.532,749070.9148,2645.150527
H9F6HRMX,solid,N,N,,0,4,2920287.758,749071.1235,2637.156424
D3HNUSZF,solid,N,N,,0,4,2918465.729,746662.2372,4127.230279
D3HNUSZF,broken,N,N,65,3,4,2918465.378,746662.111,4100.232967
D3HNUSZF,solid,N,N,,0,4,2918442.298,746656.4504,3465.693399
D3HNUSZF,broken,N,N,50,3,4,2918421.619,746658.8461,2831.554962
D3HNUSZF,solid,N,N,,0,4,2918421.181,746659.2192,2815.064997
D3HNUSZF,Solid,N,N,,0,4,2918442.597,746656.5289,3475.4385012000002
D3HNUSZF,Broken,N,N,80,3,4,2918421.65,746658.8207,2832.704273
D3HNUSZF,Solid,N,N,,0,4,2918421.205,746659.1988,2815.964448
HQ2V9ZUV,solid,N,N,,0,4,2919184.431,749277.7576,3816.5823330000003
HQ2V9ZUV,broken,N,N,40,3,4,2919185.12,749283.2345,3477.62805
HQ2V9ZUV,solid,N,N,,0,4,2919185.134,749285.2562,3344.143419
HQ2V9ZUV,broken,N,N,70,3,4,2919185.071,749288.0035,3207.17118
HQ2V9ZUV,solid,N,N,,0,4,2919185.056,749288.5478,3183.177358
UOSE0XS2,solid,N,N,,0,4,2916914.335,746865.1136,4115.370235
UOSE0XS2,broken,N,N,85,3,4,2916914.419,746864.7625,4078.872092
UOSE0XS2,broken,Y,N,85,2,4,2916914.433,746864.7022,4074.372518
UOSE0XS2,broken,N,N,85,3,4,2916914.477,746864.5172,4061.8739649999998
UOSE0XS2,solid,N,N,,0,4,2916914.553,746862.6233,3931.387921
UOSE0XS2,Broken,N,N,45,3,4,2916913.946,746861.2139,3806.397795
UOSE0XS2,solid,N,N,,0,4,2916913.265,746860.9433,3728.4013999999997
UOSE0XS2,broken,Y,N,50,2,4,2916912.413,746861.1016,3651.406325
UOSE0XS2,solid,N,N,,0,4,2916912.161,746861.1491,3626.407646
UOSE0XS2,broken,Y,N,40,2,4,2916911.93,746861.1792,3601.4087259999997
UOSE0XS2,solid,N,N,,0,4,2916911.832,746861.1873,3589.909151
UOSE0XS2,broken,N,Y,15,2,4,2916911.68,746861.1924,3570.909763
UOSE0XS2,solid,N,N,,0,4,2916911.413,746861.1727,3532.910706
UOSE0XS2,Broken,N,N,40,3,4,2916911.231,746861.1258,3501.411268
UOSE0XS2,solid,N,N,,0,4,2916911.113,746861.0713,3476.911617
UOSE0XS2,broken,N,Y,40,3,4,2916910.954,746860.9864,3442.412088
UOSE0XS2,Broken,Y,N,,1,3,2916910.871,746860.9395,3424.162336
UOSE0XS2,Broken,Y,Y,40,2,3,2916910.801,746860.8985,3408.6625464999997
UOSE0XS2,solid,N,N,,0,4,2916910.722,746860.8503,3390.9127876000002
UOSE0XS2,Broken,N,N,40,3,4,2916910.667,746860.8155,3378.412957
UOSE0XS2,solid,N,N,,0,4,2916910.545,746860.7352,3350.413338
UOSE0XS2,Broken,Y,N,40,2,4,2916910.373,746860.6132,3309.913889
UOSE0XS2,Solid,N,N,,0,4,2916910.266,746860.5327,3284.414238
UOSE0XS2,Broken,N,N,40,3,4,2916910.231,746860.5055,3275.914355
UOSE0XS2,solid,N,N,,0,4,2916910.196,746860.4783,3267.414471
5ELJEYGL,solid,N,N,,0,4,2920503.867,748703.0504,4072.160233
5ELJEYGL,Broken,Y,N,55,3,4,2920504.468,748702.9368,3984.662472
5ELJEYGL,solid,N,N,,0,4,2920514.352,748698.4539,3238.804859
TF8XTUFQ,Solid,N,N,,0,4,2918816.711,748367.1801,3446.956469
DG19DWVK,solid,N,N,,0,4,2918136.732,746454.8544,4095.14519
DG19DWVK,Broken,N,N,70,3,4,2918137.859,746454.72,4021.653972
DG19DWVK,solid,N,N,,0,4,2918140.761,746455.4531,3783.42472
DG19DWVK,Broken,N,N,70,3,4,2918142.153,746456.7581,3563.433955
DG19DWVK,solid,N,N,,0,4,2918144.101,746456.2643,3379.196133
DG19DWVK,Broken,N,N,40,3,4,2918145.031,746454.5437,3187.707091
DG19DWVK,solid,N,N,,0,4,2918144.648,746453.7667,3054.710064
DG19DWVK,Broken,Y,N,45,2,3,2918143.882,746452.4756,2927.219061
DG19DWVK,Solid,N,N,,0,4,2918143.775,746452.2955,2912.2205228000003
HL8ELWNU,solid,N,N,,0,4,2920933.953,748002.211,3989.171398
HL8ELWNU,broken,Y,N,55,3,3,2920936.965,748001.6638,3814.699064
HL8ELWNU,solid,N,N,,0,4,2920940.345,748002.1389,3665.238143
HL8ELWNU,Broken,N,N,50,2,3,2920943.209,748002.6377,3511.26572
HL8ELWNU,solid,N,N,,0,4,2920943.575,748002.6504,3491.269083
HL8ELWNU,broken,N,N,60,3,4,2920943.828,748002.6471,3477.771444
HL8ELWNU,solid,N,N,,0,4,2920944.103,748002.6328,3463.274073
HL8ELWNU,Broken,N,N,60,3,4,2920944.423,748002.6031,3446.777194
HL8ELWNU,solid,N,N,,0,4,2920953.746,748001.3591,2958.870321
F0NI7XIJ,solid,N,N,,0,4,2919389.231,748936.6914,3499.185886
F0NI7XIJ,broken,N,N,60,3,4,2919389.052,748934.3805,2833.698662
O8GQAOY0,solid,N,N,,0,4,2917866.407,746839.8856,4056.162131
O8GQAOY0,broken,N,N,50,3,3,2917869.179,746835.6392,3952.286012
O8GQAOY0,solid,N,N,,0,4,2917873.79,746830.0363,3817.4815479999997
O8GQAOY0,Broken,N,N,15,3,3,2917878.394,746824.3187,3691.194869
O8GQAOY0,solid,N,N,,0,4,2917888.502,746801.6884,3267.431812
O8GQAOY0,broken,N,N,70,2,3,2917895.626,746779.093,2841.591624
O8GQAOY0,solid,N,N,,0,4,2917895.886,746778.2678,2825.615037
D2XKWBEE,solid,N,N,,0,4,2919590.082,747886.2955,3309.214232
GFQJUE5G,Solid,N,N,,0,4,2918220.095,747055.5097,3760.052251
GFQJUE5G,Broken,N,N,80,3,3,2918226.189,747047.2482,3367.688903
GFQJUE5G,solid,N,N,,0,0,2918232.287,747039.9332,3044.329803
BCIOXF5S,solid,N,N,,0,4,2918384.614,749014.1542,4135.050029
BCIOXF5S,broken,y,y,35,3,4,2918384.485,749014.0593,4099.050395
BCIOXF5S,Broken,y,y,40,2,4,2918384.437,749013.9238,4066.050721
BCIOXF5S,solid,N,N,,0,4,2918384.578,749013.4741,3844.052501
BCIOXF5S,Broken,Y,N,,2,3,2918383.795,749013.978,3639.054838
BCIOXF5S,solid,N,N,,0,4,2918383.642,749013.9828,3607.555212
BCIOXF5S,broken,N,N,60,3,3,2918383.529,749014.0119,3572.555414
BCIOXF5S,solid,N,N,,0,4,2918383.937,749014.6,3394.057573
BCIOXF5S,Broken,N,N,30,2,2,2918385.431,749015.8941,3218.068942
BCIOXF5S,Solid,N,N,,0,4,2918385.6,749016.0404,3202.070502
HQI14QZJ,solid,N,N,,0,4,2918809.816,747615.5643,4005.671983
HQI14QZJ,Broken,N,N,70,3,3,2918808.934,747616.7849,3840.680037
HQI14QZJ,solid,N,N,,0,4,2918805.549,747623.7351,3196.73544
R1TI0JL6,solid,N,N,,0,4,2917978.146,747406.43,4117.176335
R1TI0JL6,Broken,N,N,70,3,4,2917979.27,747404.9346,4077.720708
R1TI0JL6,solid,N,N,,0,4,2917979.683,747404.428,4063.235436
R1TI0JL6,broken,N,N,70,3,4,2917980.052,747403.9925,4050.247988
R1TI0JL6,solid,N,N,,0,4,2917981.76,747401.7346,3984.809253
R1TI0JL6,broken,N,N,70,3,4,2917983.345,747398.9813,3910.877587
R1TI0JL6,solid,N,N,,0,4,2917986.592,747392.3462,3746.044035
R1TI0JL6,Broken,N,N,25,3,4,2917991.9,747386.0661,3587.257424
R1TI0JL6,solid,N,N,,0,4,2918002.484,747369.3626,3189.750395
IQ14G9PB,Solid,N,N,,0,4,2919184.567,747759.1084,4001.115221
IQ14G9PB,Broken,Y,N,50,2,3,2919189.801,747748.3883,3831.53493
IQ14G9PB,solid,N,N,,0,4,2919200.107,747727.5216,3455.760179
ZHJ163QU,solid,N,N,,0,4,2917665.768,748652.7578,3905.621037
ZHJ163QU,Broken,N,Y,40,2,3,2917666.017,748651.0864,3630.626359
ZHJ163QU,broken,Y,N,60,1,3,2917666.029,748651.036,3623.62655
ZHJ163QU,broken,Y,N,40,2,3,2917666.037,748650.9998,3618.6266889999997
ZHJ163QU,solid,N,N,,0,4,2917666.369,748648.8201,3335.635343
1MJIOHHM,solid,N,N,,0,4,2917393.798,748355.0862,3911.994525
1MJIOHHM,broken,y,N,20,2,3,2917395.485,748352.0796,3646.517119
1MJIOHHM,solid,N,N,,0,4,2917394.875,748350.8632,3376.522872
1MJIOHHM,broken,N,N,30,3,4,2917393.856,748350.0279,3095.527333
1MJIOHHM,broken,Y,N,50,2,4,2917393.904,748349.9452,3079.7776249999997
1MJIOHHM,Broken,N,N,55,3,4,2917393.95,748349.8794,3067.777894
1MJIOHHM,broken,Y,N,70,2,3,2917393.995,748349.8192,3057.028156
1MJIOHHM,solid,N,N,,0,4,2917394.018,748349.7884,3051.52829
S33PKVJJ,solid,N,N,,0,4,2920266.808,748299.5962,4094.161016
S33PKVJJ,broken,N,N,80,3,4,2920267.019,748299.1279,4028.6630459999997
S33PKVJJ,solid,N,N,,0,4,2920267.144,748298.9611,3999.663797
S33PKVJJ,broken,N,N,60,3,4,2920267.283,748298.8237,3971.664482
S33PKVJJ,broken,N,N,60,3,4,2920267.334,748298.7827,3962.2647079999997
S33PKVJJ,solid,N,N,,0,4,2920267.406,748298.7314,3949.5150160000003
S33PKVJJ,broken,N,N,70,3,4,2920267.501,748298.6733,3932.915389
S33PKVJJ,solid,N,N,,0,4,2920267.755,748298.5793,3869.666016
S33PKVJJ,broken,N,N,70,3,4,2920267.837,748298.6839,3807.6662020000003
S33PKVJJ,solid,N,N,,0,4,2920268.004,748297.5927,3143.17627
FVD4J6KY,solid,N,N,,0,4,2916962.285,749125.1603,4058.307919
FVD4J6KY,Broken,N,N,60,3,4,2916872.739,749206.0349,3942.136017
FVD4J6KY,broken,N,N,60,3,4,2916867.609,749210.5186,3935.51555
FVD4J6KY,solid,N,N,,0,4,2916840.498,749233.8928,3900.6073420000002
XM2D0GTA,solid,N,N,,0,4,2918605.107,747944.4572,3413.309665
4L5ERPAQ,Solid,N,N,,0,4,2916829.508,748461.9398,3996.801818
4L5ERPAQ,broken,N,N,70,3,4,2916830.355,748460.0437,3798.8128260000003
4L5ERPAQ,solid,N,N,,0,4,2916830.564,748459.1684,3714.3176359999998
4L5ERPAQ,broken,N,N,70,3,4,2916830.94,748458.4532,3649.322695
4L5ERPAQ,solid,N,N,,0,4,2916831.829,748457.4134,3560.333297
4L5ERPAQ,Broken,N,N,40,3,4,2916832.904,748456.3788,3474.8463153000002
4L5ERPAQ,Broken,Y,N,30,2,3,2916833.168,748456.1247,3453.849514
4L5ERPAQ,broken,N,N,70,3,4,2916833.678,748455.6346,3413.355682
AK90G1PU,Broken,N,N,,0,4,2916755.691,748577.2232,4038.173946
AK90G1PU,broken,N,N,40,3,4,2916677.61,748697.4565,3884.723786
AK90G1PU,solid,N,N,,0,4,2916634.667,748763.5829,3798.2824689999998
AK90G1PU,Broken,N,N,55,3,4,2916592.046,748829.2135,3711.9787340000003
AK90G1PU,solid,N,N,,0,4,2916583.083,748843.0156,3693.829021
AK90G1PU,Broken,Y,N,70,2,3,2916578.144,748850.6209,3683.8281589999997
AK90G1PU,solid,N,N,,0,4,2916571.559,748860.7612,3670.493676
8BYLSFU9,solid,N,N,,0,4,2916607.531,748781.6209,4158.661748
8BYLSFU9,Broken,N,N,40,3,4,2916599.685,748793.7025,4128.972324
8BYLSFU9,solid,N,N,,0,4,2916584.658,748816.8418,4072.891924
8BYLSFU9,Broken,Y,N,60,2,2,2916574.937,748831.8119,4036.816326
8BYLSFU9,solid,N,N,,0,4,2916564.172,748848.3874,3996.946109
8BYLSFU9,broken,N,N,60,3,4,2916550.057,748870.1237,3944.779662
8BYLSFU9,solid,N,N,,0,4,2916521.878,748913.5151,3840.956955
8BYLSFU9,broken,N,N,80,3,4,2916495.997,748953.3687,3745.6464459999997
8BYLSFU9,Broken,Y,N,80,2,4,2916494.539,748955.614,3740.27684
8BYLSFU9,Broken,N,N,80,3,4,2916492.837,748958.2335,3734.012299
8BYLSFU9,solid,N,N,,0,4,2916489.435,748963.4725,3721.4832180000003
P0T4OX1F,solid,N,N,,0,4,2917059.101,747316.2317,4096.150036
P0T4OX1F,broken,Y,N,35,2,4,2917065.587,747306.2434,4026.663327
P0T4OX1F,solid,N,N,,0,4,2917066.239,747305.2399,4019.7663469999998
P0T4OX1F,broken,N,N,35,3,4,2917067.453,747303.3707,4006.958835
P0T4OX1F,solid,N,N,,0,4,2917074.548,747292.4448,3933.099002
P0T4OX1F,broken,N,N,60,3,4,2917083.127,747279.2338,3843.980477
P0T4OX1F,Solid,N,N,,0,4,2917089.312,747269.711,3778.9645579999997
P0T4OX1F,Broken,Y,N,30,2,3,2917094.048,747262.417,3728.7116020000003
P0T4OX1F,solid,N,N,,0,4,2917096.864,747258.0817,3698.6528310000003
P0T4OX1F,broken,N,Y,30,1C,3,2917099.758,747253.6255,3667.604203
P0T4OX1F,solid,N,N,,0,4,2917101.314,747251.2295,3650.845984
P0T4OX1F,Broken,N,Y,30,1C,4,2917102.683,747249.1205,3636.0582649999997
P0T4OX1F,solid,N,N,,0,4,2917105.186,747245.2668,3608.944887
P0T4OX1F,broken,N,Y,30,1C,4,2917108.943,747239.4821,3568.022089
P0T4OX1F,Solid,N,N,,0,4,2917111.643,747235.3231,3538.434793
P0T4OX1F,broken,N,Y,30,2,4,2917114.253,747231.3046,3509.833367
P0T4OX1F,solid,N,N,,0,4,2917130.085,747206.926,3337.264452
P0T4OX1F,Broken,N,N,30,2,4,2917145.862,747182.6311,3167.721496
P0T4OX1F,Solid,N,N,,0,4,2917059.397,747315.776,4092.945785
P0T4OX1F,Rubble,N,N,25,3,4,2917065.657,747306.136,4025.9243429999997
P0T4OX1F,Solid,N,N,,0,4,2917066.64,747304.6224,4015.529848
P0T4OX1F,Broken,N,Y,35,2,3,2917067.542,747303.2338,4006.0229609999997
P0T4OX1F,Solid,N,N,,0,4,2917074.181,747293.0108,3936.889402
P0T4OX1F,Broken,N,N,80,3,4,2917082.609,747280.0317,3849.397583
P0T4OX1F,Solid,N,N,,0,4,2917089.009,747270.1777,3782.166558
P0T4OX1F,Broken,N,N,60,3,2,2917093.933,747262.5951,3729.9434309999997
P0T4OX1F,Solid,N,N,,0,4,2917096.127,747259.2169,3706.5374979999997
P0T4OX1F,Rubble,N,N,40,2,3,2917097.968,747256.3816,3686.825299
P0T4OX1F,Solid,N,N,,0,4,2917098.427,747255.6741,3681.896973
P0T4OX1F,Broken,N,N,45,3,3,2917099.391,747254.1902,3671.547129
P0T4OX1F,Solid,N,N,,0,3,2917100.262,747252.8496,3662.182565
P0T4OX1F,Broken,N,N,40,3,4,2917100.811,747252.004,3656.2679
P0T4OX1F,Solid,N,N,,0,3,2917101.725,747250.5963,3646.409772
P0T4OX1F,Broken,N,N,45,3,4,2917102.546,747249.3312,3637.537081
P0T4OX1F,Broken,N,Y,20,2,4,2917102.82,747248.9099,3634.579439
P0T4OX1F,Broken,N,N,45,3,4,2917103.321,747248.138,3629.156992
P0T4OX1F,Solid,N,N,,0,4,2917105.268,747245.1409,3608.057484
P0T4OX1F,Broken,N,N,15,3,4,2917106.931,747242.5789,3589.963557
P0T4OX1F,Broken,N,Y,10,2,4,2917108.5,747240.1632,3572.854327
P0T4OX1F,Broken,N,N,,4,3,2917110.272,747237.4351,3553.475437
P0T4OX1F,Broken,N,Y,15,2,4,2917110.735,747236.7215,3548.3962149999998
P0T4OX1F,Broken,N,N,35,3,4,2917111.657,747235.3024,3538.286851
P0T4OX1F,Broken,N,Y,15,2,4,2917112.871,747233.4324,3524.972247
P0T4OX1F,Broken,N,N,50,3,4,2917114.064,747231.5958,3511.904464
P0T4OX1F,Broken,N,Y,20,2,4,2917115.244,747229.7788,3498.984868
P0T4OX1F,Broken,N,N,30,3,4,2917115.875,747228.8074,3492.081368
P0T4OX1F,Solid,N,N,,0,4,2917129.094,747208.4512,3348.011664
P0T4OX1F,Broken,N,N,,3,3,2917143.699,747185.9614,3190.782102
P0T4OX1F,Solid,N,N,,0,4,2917146.325,747181.9184,3162.794226
OMDXBURP,Solid,N,N,,0,4,2918200.552,749316.4992,4077.2938320000003
OMDXBURP,Broken,N,Y,15,2,4,2918197.593,749321.2534,4006.5150679999997
OMDXBURP,Rubble,N,N,,3,4,2918197.463,749321.4534,4003.5245640000003
OMDXBURP,Solid,N,N,,0,4,2918183.994,749338.5027,3732.899378
OMDXBURP,Broken,N,N,80,3,4,2918169.433,749352.8307,3461.67068
OMDXBURP,Solid,N,N,,0,4,2918169.168,749353.158,3455.936121
OMDXBURP,Rubble,N,Y,60,2,4,2918168.961,749353.4141,3451.448206
OMDXBURP,Solid,N,N,,0,4,2918168.442,749354.0544,3440.228418
C8QZDUW2,solid,N,N,,0,4,2915907.798,746996.7646,4121.65038
C8QZDUW2,broken,Y,N,30,2,3,2915907.586,746996.9451,4069.151143
C8QZDUW2,solid,N,N,,0,4,2915907.315,746996.7383,3951.151918
C8QZDUW2,broken,N,N,80,3,4,2915907.462,746996.1412,3842.6538840000003
C8QZDUW2,solid,N,N,,0,4,2915907.991,746995.9836,3767.656012
Q1E7CDF0,solid,N,N,,0,4,2918173.569,749363.2259,4107.8445059999995
Q1E7CDF0,Broken,N,N,50,3,3,2918142.136,749419.9741,4040.510822
Q1E7CDF0,solid,N,N,,0,4,2918084.184,749522.4081,3917.146369
IDGTWNG0,solid,N,N,,0,4,2916570.176,746642.9551,4058.632345
IDGTWNG0,broken,N,N,40,2,4,2916569.623,746643.6462,3953.136082
IDGTWNG0,solid,N,N,,0,4,2916569.257,746644.3671,3859.639589
IDGTWNG0,broken,N,N,30,2,4,2916568.443,746645.0688,3747.644864
IDGTWNG0,solid,N,N,,0,4,2916567.337,746645.5675,3631.151317
IDGTWNG0,Broken,N,N,40,2,4,2916567.059,746645.8489,3535.152326
IDGTWNG0,solid,N,N,,0,4,2916567.061,746645.8571,3531.652336
IDGTWNG0,Broken,N,N,15,2,4,2916567.079,746645.8882,3517.652383
IDGTWNG0,solid,N,N,,0,4,2916567.126,746645.9266,3498.65248
K9Q42VAK,solid,N,N,,0,4,2916400.316,748424.8529,3960.981625
57QHTK4M,solid,N,N,,0,4,2916935.736,747602.9287,3991.405217
57QHTK4M,Broken,N,N,80,3,4,2916935.909,747604.1743,3805.91017
57QHTK4M,solid,N,N,,0,4,2916935.875,747604.2726,3788.910489
57QHTK4M,broken,N,N,80,3,4,2916935.853,747604.3737,3770.410778
57QHTK4M,solid,N,N,,0,4,2916936.344,747604.9849,3611.9131420000003
57QHTK4M,broken,N,N,20,3,4,2916936.802,747605.4083,3460.4146662000003
57QHTK4M,solid,N,N,,0,4,2916936.762,747605.8005,3346.915402
57QHTK4M,broken,N,N,50,3,4,2916937.248,747606.4433,3224.418202
57QHTK4M,solid,N,N,,0,4,2916937.357,747606.5503,3206.9188679999997
P8STZA28,solid,N,N,,0,4,2916363.328,746979.3487,4140.370179
P8STZA28,broken,N,N,60,3,4,2916363.537,746979.1716,4098.371074
P8STZA28,solid,N,N,,0,4,2916365.077,746978.4822,3871.379125
P8STZA28,broken,N,N,60,2,3,2916367.12,746978.3551,3644.892789
P8STZA28,solid,N,N,,0,4,2916366.431,746977.8137,3534.89656
GS2VSRHZ,broken,Y,N,70,2,3,2916707.446,747183.6867,4136.060163
GS2VSRHZ,broken,N,N,50,3,4,2916707.349,747183.7274,4124.560656
GS2VSRHZ,Rubble,Y,Y,,1,3,2916707.261,747183.764,4117.061257
GS2VSRHZ,Broken,Y,N,40,2,4,2916707.147,747183.8117,4109.062216
GS2VSRHZ,solid,N,N,,0,4,2916706.981,747183.8854,4098.563795
GS2VSRHZ,broken,Y,Y,,1,3,2916706.865,747183.9432,4091.0649089999997
GS2VSRHZ,solid,N,N,,0,4,2916706.767,747183.9968,4084.565866
GS2VSRHZ,broken,N,N,30,3,4,2916706.433,747184.2175,4061.06929
GS2VSRHZ,solid,N,N,,0,4,2916704.799,747188.4718,3799.112293
GS2VSRHZ,Rubble,N,N,50,3,4,2916705.338,747192.1965,3553.642092
GS2VSRHZ,solid,N,N,,0,4,2916705.391,747194.1826,3444.660552
FA2DRG35,solid,N,N,,0,4,2915999.94,747555.5436,4144.220021
FA2DRG35,broken,N,N,,3,4,2915999.871,747555.5911,4123.220195
FA2DRG35,solid,N,N,,0,4,2915999.357,747555.9444,4059.4734479999997
FA2DRG35,Broken,N,N,80,3,4,2915998.535,747556.5616,3989.9810740000003
FA2DRG35,solid,N,N,,0,4,2915997.286,747558.1576,3814.993097
FA2DRG35,Solid,N,N,,0,4,2915999.931,747555.55,4140.220037
FA2DRG35,Broken,N,N,50,3,3,2915999.88,747555.5848,4125.3201659999995
FA2DRG35,Rubble,N,N,,2,3,2915999.878,747555.5863,4124.820173
FA2DRG35,Broken,N,N,35,3,3,2915999.869,747555.5927,4122.720203
FA2DRG35,Solid,N,N,,0,4,2915997.653,747557.5285,3884.489271
8MKBX2V5,solid,N,N,,0,4,2916255.656,748308.8732,4020.189315
8MKBX2V5,Broken,N,N,85,3,4,2916219.176,748329.5371,3860.0900140000003
8MKBX2V5,solid,N,N,,0,4,2916215.103,748331.6839,3842.1720299999997
8MKBX2V5,broken,N,N,85,3,4,2916211.26,748333.7252,3825.221684
8MKBX2V5,solid,N,N,,0,4,2916191.676,748344.5432,3738.0470889999997
8MKBX2V5,Solid,N,N,,0,4,2916275.444,748296.5882,4106.864372
8MKBX2V5,Broken,N,N,70,4,2,2916263.655,748303.9901,4055.207073
8MKBX2V5,Solid,N,N,,0,4,2916222.865,748327.5681,3876.309641
8MKBX2V5,Broken,N,N,70,3,2,2916182.576,748349.8128,3697.075008
8MKBX2V5,Solid,N,N,,0,4,2916181.344,748350.5382,3691.505551
8MKBX2V5,Rubble,N,Y,70,2,3,2916180.285,748351.1645,3686.7109849999997
8MKBX2V5,Solid,N,N,,0,4,2916176.76,748353.2637,3670.729167
0LSXR6RD,solid,N,N,,0,4,2918366.059,749422.8419,3951.624992
AF8PEH8P,solid,N,N,,0,4,2923510.321,751049.3494,4033.832837
AF8PEH8P,broken,N,N,85,3,4,2923491.983,751082.255,3905.7586650000003
AF8PEH8P,solid,N,N,,0,4,2923440.894,751187.9091,3514.752889
IEMHR7MH,solid,N,N,,0,4,2923679.538,750806.6227,3613.633918
IEMHR7MH,broken,N,N,30,3,4,2923629.989,750935.2488,3091.021326
IEMHR7MH,solid,N,N,,0,4,2923628.482,750939.8622,3072.651674
IEMHR7MH,Rubble,N,N,30,3,4,2923626.924,750944.7279,3053.315205
IEMHR7MH,solid,N,N,,0,4,2923622.156,750959.9813,2992.892987
Z8ONZ8LA,solid,N,N,,0,4,2923775.045,750577.4936,3462.73676
B4MXXHNQ,solid,N,N,,0,4,2923281.21,751407.33,3727.697677
L0EXGIPP,solid,N,N,,0,4,2923983.4,750144.9722,4082.173487
L0EXGIPP,Broken,N,N,85,3,4,2923974.654,750159.5512,4016.075206
L0EXGIPP,solid,N,N,,0,4,2923969.887,750167.8598,3978.785893
L0EXGIPP,broken,N,N,75,3,4,2923965.727,750175.1495,3946.0962099999997
L0EXGIPP,solid,N,N,,0,4,2923900.566,750332.5383,3300.800196
BK4NY5UJ,solid,N,N,,0,4,2920031.566,749106.892,3435.018079
OFSB51CG,solid,N,N,,0,4,2925564.394,752289.5436,3915.580368
OFSB51CG,Broken,N,N,30,3,4,2925534.992,752336.7479,3722.6881780000003
OFSB51CG,Solid,N,N,,0,4,2925486.598,752422.1266,3379.445169
OFSB51CG,broken,N,N,30,3,4,2925439.495,752515.8059,3016.546229
OFSB51CG,solid,N,N,,0,4,2925435.698,752524.1,2985.352557
21IRPHWY,solid,N,N,,0,4,2920328.848,748599.9668,4119.008071
21IRPHWY,broken,Y,N,70,2,2,2920323.418,748610.2018,4080.200788
21IRPHWY,solid,N,N,,0,4,2920237.112,748806.5228,3324.665464
IMDWGD13,solid,N,N,,0,4,2925773.273,751962.4375,3882.295788
IMDWGD13,broken,N,N,70,3,4,2925736.06,752020.254,3645.580582
IMDWGD13,solid,N,N,,0,4,2925669.484,752138.4854,3171.642853
IMDWGD13,broken,N,N,20,3,4,2925612.55,752271.7689,2652.773901
IMDWGD13,solid,N,N,,0,4,2925597.63,752309.3917,2509.896003
W4J77IAN,solid,N,N,,0,4,2920893.331,747776.8752,3332.991465
LO1Z37MC,solid,N,N,,0,4,2918391.319,747161.6262,3336.8431763999997
PTQUVZ2Q,solid,N,N,,0,4,2920653.173,748109.0828,3331.299184
97MJNOX2,solid,N,N,,0,4,2918296.103,747327.4899,3996.265843
97MJNOX2,broken,N,N,70,3,4,2918274.935,747362.6131,3839.025991
97MJNOX2,solid,N,N,,0,4,2918208.829,747491.2028,3288.738658
P6FPQ9HZ,solid,N,N,,0,4,2922007.535,749689.7098,4103.515902
P6FPQ9HZ,broken,Y,N,50,2,3,2922000.772,749700.5846,4058.294226
P6FPQ9HZ,solid,N,N,,0,4,2921987.844,749721.0521,3972.130362
P6FPQ9HZ,broken,N,N,75,3,3,2921975.446,749740.9076,3887.301097
P6FPQ9HZ,solid,N,N,,0,4,2921901.075,749874.4791,3310.741525
OXQ7F5MB,Solid,N,N,,0,4,2918084.599,747659.0036,4070.683544
OXQ7F5MB,broken,N,N,60,3,4,2918071.119,747682.3325,3972.8251099999998
OXQ7F5MB,solid,N,N,,0,4,2918009.979,747816.0173,3413.376817
PXMO09HM,solid,N,N,,0,4,2922218.513,749362.0489,4081.091065
PXMO09HM,broken,N,N,60,3,4,2922208.369,749377.8723,4012.1059370000003
PXMO09HM,Solid,N,N,,0,4,2922106.51,749547.5646,3196.870204
IT7S3OTB,solid,N,N,,0,4,2917900.709,748095.6012,3812.470926
IT7S3OTB,Rubble,N,N,,2,4,2917865.961,748182.7351,3460.257492
IT7S3OTB,broken,N,Y,70,1C,2,2917865.414,748184.352,3453.726883
IT7S3OTB,Broken,y,y,70,2,3,2917864.771,748186.2753,3445.988207
IT7S3OTB,Solid,N,N,,0,4,2917847.028,748244.5069,3213.839172
IT7S3OTB,Rubble,Y,N,,2,3,2917832.909,748302.2537,2980.287283
IT7S3OTB,solid,N,N,,0,4,2917832.07,748305.8365,2965.745603
IT7S3OTB,Solid,N,N,,0,4,2917900.79,748095.4207,3813.194368
IT7S3OTB,Broken,N,N,45,3,4,2917866.185,748182.0778,3462.918399
IT7S3OTB,Rubble,N,Y,60,2,4,2917865.778,748183.2734,3458.080511
IT7S3OTB,Rubble,Y,Y,,1,3,2917865.475,748184.1721,3454.452456
IT7S3OTB,Broken,N,Y,60,2,4,2917865.394,748184.412,3453.4850275999997
IT7S3OTB,Broken,N,N,45,3,4,2917865.213,748184.9522,3451.308394
IT7S3OTB,Rubble,N,N,,2,4,2917865.012,748185.5532,3448.890044
IT7S3OTB,Broken,N,Y,50,3,3,2917864.851,748186.0345,3446.955464
IT7S3OTB,Rubble,N,Y,40,2,4,2917864.731,748186.3957,3445.504587
IT7S3OTB,Broken,N,N,90,3,4,2917864.599,748186.7934,3443.90868
IT7S3OTB,Rubble,N,Y,,2,4,2917864.479,748187.1551,3442.457908
IT7S3OTB,Solid,N,N,,0,4,2917847.018,748244.5434,3213.694009
IT7S3OTB,Rubble,N,N,,3,3,2917832.9,748302.2895,2980.141867
IT7S3OTB,Solid,N,N,,0,4,2917830.7,748311.6883,2941.994192
UWBWSGID,solid,N,N,,0,4,2920521.86,748257.303,4106.172391
UWBWSGID,broken,N,N,60,3,4,2920512.759,748270.2641,4044.162948
UWBWSGID,solid,N,N,,0,4,2920501.115,748287.0201,3963.1944750000002
UWBWSGID,broken,Y,N,75,2,3,2920490.987,748301.899,3890.643751
UWBWSGID,solid,N,N,,0,4,2920488.533,748305.5588,3872.676226
UWBWSGID,Broken,N,N,70,3,4,2920486.049,748309.242,3854.460148
UWBWSGID,solid,N,N,,0,4,2920402.662,748445,3177.47458
XQSHFE0S,solid,N,N,,0,4,2917637.448,748345.8182,3989.5679520000003
XQSHFE0S,Rubble,N,N,70,3,4,2917613.12,748389.7172,3803.9870069999997
XQSHFE0S,solid,N,N,,0,4,2917598.916,748418.0674,3685.403809
XQSHFE0S,broken,N,Y,20,3,4,2917585.253,748447.1674,3564.867337
XQSHFE0S,solid,N,N,,0,4,2917559.213,748507.0032,3321.206124
XQSHFE0S,Rubble,N,N,,2,3,2917536.661,748566.4867,3080.730232
XQSHFE0S,solid,N,N,,0,4,2917536.364,748567.3297,3077.34635
XQSHFE0S,Rubble,Y,N,,2,3,2917536.066,748568.1728,3073.962468
XQSHFE0S,solid,N,N,,0,4,2917535.216,748570.5816,3064.294234
XQSHFE0S,Solid,N,N,,0,4,2917637.147,748346.3296,3987.3976979999998
XQSHFE0S,Rubble,N,N,70,3,3,2917612.761,748390.4052,3801.089228
XQSHFE0S,Solid,N,N,,0,4,2917598.553,748418.8204,3682.263085
XQSHFE0S,Broken,N,N,35,3,4,2917585.63,748446.3414,3568.247444
XQSHFE0S,Broken,N,Y,30,2,4,2917585.496,748446.6363,3567.040231
XQSHFE0S,Broken,N,N,20,3,4,2917585.091,748447.5218,3563.418804
XQSHFE0S,Solid,N,N,,0,4,2917558.851,748507.8968,3317.582213
XQSHFE0S,Solid,N,N,,0,4,2917535.279,748570.4009,3065.019352
1SEMX25X,solid,N,N,,0,4,2925336.909,752645.8278,3819.5989440000003
1SEMX25X,Broken,N,Y,35,2,3,2925296.833,752715.4724,3536.273862
1SEMX25X,solid,N,N,,0,4,2925290.28,752727.4058,3488.162961
1SEMX25X,broken,N,N,,3,4,2925281.65,752743.4099,3423.677467
1SEMX25X,solid,N,N,,0,4,2925266.2,752772.7464,3304.1927680999997
1SEMX25X,rubble,N,N,35,2,3,2925253.262,752798.4767,3199.584869
1SEMX25X,solid,N,N,,0,4,2925247.147,752810.9073,3148.9456732999997
VFGWJNTS,solid,N,N,,0,4,2921660.643,750191.0517,3573.481133
24T88UIF,solid,N,N,,0,4,2925156.276,752926.5092,4075.090811
24T88UIF,Broken,Y,N,50,2,3,2925150.192,752935.5046,4041.030141
24T88UIF,solid,N,N,,0,4,2925101.56,753010.389,3757.2480370000003
24T88UIF,Rubble,N,N,,2,2,2925056.481,753085.5543,3470.601769
24T88UIF,solid,N,N,,0,4,2925033.097,753128.6636,3306.786296
59YZR10M,solid,N,N,,0,4,2924925.297,753290.0693,3952.498496
59YZR10M,broken,N,N,30,3,4,2924907.092,753329.7856,3795.4632380000003
59YZR10M,solid,N,N,,0,4,2924889.535,753370.3454,3634.6777030000003
59YZR10M,Rubble,Y,N,,2,2,2924873.737,753409.6757,3478.320822
59YZR10M,solid,N,N,,0,4,2924864.983,753432.1246,3389.27323
59YZR10M,broken,N,N,20,3,3,2924856.36,753454.787,3298.972069
59YZR10M,solid,N,N,,0,4,2924852.546,753464.953,3258.399924
59YZR10M,Broken,N,N,70,3,4,2924847.763,753477.9889,3206.215711
59YZR10M,solid,N,N,,0,4,2924846.441,753481.6123,3191.72007
ANGTE981,Solid,N,N,,0,4,2921512.674,750467.3348,3696.9335819999997
OGJV67AI,solid,N,N,,0,4,2921339.716,750726.8355,3761.68999
UMGZ8JLA,solid,N,N,,0,4,2926365.273,748435.911,3825.2748970000002
UMGZ8JLA,broken,N,N,70,3,4,2926316.825,748518.8381,3465.888625
UMGZ8JLA,solid,N,N,,0,4,2926222.176,748695.9591,2707.542433
UX0VK2R2,solid,N,N,,0,4,2925688.841,749500.8638,3973.191145
UX0VK2R2,broken,N,N,60,3,4,2925665.725,749543.335,3803.444829
UX0VK2R2,solid,N,N,,0,4,2925582.792,749717.8519,3077.239012
UX0VK2R2,broken,N,N,40,3,4,2925524.575,749891.1306,2337.558146
UX0VK2R2,solid,N,N,,0,4,2925523.155,749896.5688,2312.685284
UX0VK2R2,rubble,N,N,,3,4,2925522.356,749899.6749,2298.544457
UX0VK2R2,solid,N,N,,0,4,2925521.482,749903.0928,2282.938213
UX0VK2R2,broken,N,N,45,3,4,2925519.897,749909.2642,2254.6468446999997
UX0VK2R2,solid,N,N,,0,4,2925518.88,749913.2836,2236.104788
UX0VK2R2,broken,N,N,40,3,4,2925518.433,749915.0738,2227.807437
UX0VK2R2,solid,N,N,,0,4,2925511.969,749942.4527,2098.840239
HOK35H6K,solid,N,N,,0,4,2929511.988,749361.0639,4053.680233
HOK35H6K,broken,N,N,60,3,4,2929528.855,749334.2714,3946.769734
HOK35H6K,solid,N,N,,0,4,2929545.615,749307.1253,3837.3249029999997
HOK35H6K,broken,N,N,70,3,4,2929562.34,749279.4128,3724.37151
HOK35H6K,solid,N,N,,0,4,2929630.579,749151.1971,3199.096734
HOK35H6K,Rubble,N,N,,2,2,2929682.825,749022.4591,2685.583782
HOK35H6K,solid,N,N,,0,4,2929699.752,748966.6116,2462.079697
HOK35H6K,broken,N,N,60,3,4,2929714.009,748908.4983,2225.5316887999998
HOK35H6K,solid,N,N,,0,4,2929719.622,748882.7572,2121.310194
HOK35H6K,broken,N,N,60,3,4,2929724.198,748860.0936,2029.16676
HOK35H6K,solid,N,N,,0,4,2929726.004,748850.9025,1991.823618
HOK35H6K,broken,N,N,30,3,4,2929728.293,748839.0318,1943.3071684000001
HOK35H6K,solid,N,N,,0,4,2929731.074,748823.295,1878.7561246999999
D0QU8S79,solid,N,N,,0,4,2929552.133,748831.6488,3800.624527
D0QU8S79,broken,N,N,40,3,4,2929565.049,748815.9731,3438.1949941000003
D0QU8S79,solid,N,N,,0,4,2929580.884,748785.3752,2694.509524
D0QU8S79,rubble,N,N,40,2,4,2929577.8,748758.3746,1949.533877
D0QU8S79,solid,N,N,,0,4,2929577.7,748758.1584,1942.037655
D0QU8S79,broken,N,N,30,3,4,2929577.559,748757.8091,1930.543834
D0QU8S79,solid,N,N,,0,4,2929577.247,748756.8134,1900.561991
48DP4SQQ,solid,N,N,,0,4,2929059.533,748716.5965,3455.200918
48DP4SQQ,broken,N,N,70,3,3,2929091.266,748606.1704,2708.001245
48DP4SQQ,solid,N,N,,0,4,2929098.796,748553.3065,2331.777959
LA82Z97I,Solid,N,N,,0,4,2928893.262,748377.9113,3787.621806
LA82Z97I,broken,N,Y,30,2,4,2928930.802,748285.3093,3376.081258
LA82Z97I,solid,N,N,,0,4,2928935.235,748273.3385,3323.097312
LA82Z97I,Broken,N,Y,25,2,3,2928939.681,748261.1689,3269.645243
LA82Z97I,solid,N,N,,0,4,2928958.633,748204.153,3020.0261441000002
LA82Z97I,Broken,N,N,55,3,4,2928974.595,748147.1401,2771.327416
LA82Z97I,solid,N,N,,0,4,2928996.163,748033.5634,2288.74991
LA82Z97I,Solid,N,N,,0,4,2928893.741,748376.8116,3782.767804
LA82Z97I,Broken,N,Y,30,2,3,2928930.823,748285.2543,3375.838268
LA82Z97I,Solid,N,N,,0,4,2928934.6,748275.0699,3330.779034
LA82Z97I,Broken,N,N,15,3,3,2928938.308,748264.9533,3286.161643
LA82Z97I,Solid,N,N,,0,4,2928959.923,748199.8464,3001.1542901000003
LA82Z97I,Broken,N,N,40,3,,2928977.706,748134.6124,2717.246657
LA82Z97I,Solid,N,N,,0,,2928977.774,748134.3287,2716.031195
LA82Z97I,Broken,N,Y,40,2,,2928977.828,748134.1016,2715.058824
LA82Z97I,Solid,N,N,,0,,2928997.055,748027.1515,2261.148946
6OD0Q2X8,solid,N,N,,0,4,2927083.487,748798.2601,4030.13724
6OD0Q2X8,broken,N,N,75,3,4,2927075.407,748807.8131,3889.192131
6OD0Q2X8,solid,N,N,,0,4,2927061.574,748823.4911,3655.124796
6OD0Q2X8,Rubble,N,N,,2,4,2927046.996,748839.6416,3422.640859
6OD0Q2X8,Solid,N,N,,0,4,2927043.353,748843.4764,3367.644612
6OD0Q2X8,broken,N,N,70,3,4,2927039.629,748847.336,3311.399786
6OD0Q2X8,solid,N,N,,0,4,2927024.478,748862.6972,3081.660811
6OD0Q2X8,broken,N,N,50,3,4,2927009.046,748879.3196,2841.730658
6OD0Q2X8,broken,Y,Y,20,2,3,2927008.081,748880.3859,2826.799714
6OD0Q2X8,solid,N,N,,0,4,2927007.92,748880.5632,2824.311223
6OD0Q2X8,rubble,N,N,20,2,3,2927007.791,748880.7049,2822.320431
6OD0Q2X8,solid,N,N,,0,4,2926992.564,748897.7079,2579.892918
JB1IYL2P,solid,N,N,,0,4,2927289.148,749082.5633,3935.7545600000003
JB1IYL2P,broken,N,N,35,3,4,2927245.197,749150.6766,3704.55476
JB1IYL2P,solid,N,N,,0,4,2927227.003,749179.0094,3606.685074
JB1IYL2P,broken,N,N,80,3,4,2927208.452,749208.2004,3505.429332
JB1IYL2P,solid,N,N,,0,4,2927107.475,749371.6196,2922.801212
BQYX70A5,solid,N,N,,0,4,2929905.725,745989.7392,3499.200095
BQYX70A5,Rubble,N,N,,2,3,2929951.335,746036.7055,2828.392659
BQYX70A5,solid,N,N,,0,4,2929963.611,746046.9751,2669.698753
BQYX70A5,broken,N,N,70,3,4,2929979.038,746058.4835,2480.174695
BQYX70A5,solid,N,N,,0,4,2930008.689,746079.6938,2103.940714
BQYX70A5,broken,N,N,35,3,4,2930037.083,746098.5312,1757.11111
BQYX70A5,solid,N,N,,0,4,2930052.301,746108.2229,1579.02289
BQYX70A5,Broken,Y,N,15,2,3,2930068.06,746117.564,1400.460501
BQYX70A5,solid,N,N,,0,4,2930072.369,746119.8437,1354.719542
BQYX70A5,broken,Y,Y,50,2,3,2930077.006,746122.3255,1305.499813
BQYX70A5,solid,N,N,,0,4,2930100.029,746135.5084,1059.42632
WPS5NDM1,solid,N,N,,0,4,2927784.92,746971.2151,2611.244411
U8C7LEZB,solid,N,N,,0,4,2926784.785,753725.0399,3773.2800319999997
U8C7LEZB,broken,N,Y,50,3,4,2926688.414,753917.1282,3430.143528
U8C7LEZB,solid,N,N,,0,4,2926623.968,754077.5868,3181.980576
5E9QLFJZ,Solid,N,N,,0,4,2926834.974,753644.6336,3734.745941
5E9QLFJZ,broken,Y,N,30,2,3,2926787.929,753733.8319,3359.05225
5E9QLFJZ,solid,N,N,,0,4,2926756.575,753800.9999,3078.169842
3UTMRFYW,solid,N,N,,0,4,2926886.567,753548.6413,3419.909602
1NXD31D3,solid,N,N,,0,4,2927007.762,753394.1323,3391.65787
LORLOUIA,solid,N,N,,0,4,2926367.924,753633.007,3540.659468
OBSC6L71,solid,N,N,,0,4,2927213.797,753055.3483,4109.656303
OBSC6L71,rubble,Y,N,,2,3,2927211.52,753059.1926,4092.7364239999997
OBSC6L71,solid,N,N,,0,4,2927206.204,753068.1906,4053.349323
OBSC6L71,broken,N,Y,30,3,3,2927198.397,753081.4975,3995.366757
OBSC6L71,solid,N,N,,0,4,2927195.482,753086.5087,3973.626538
OBSC6L71,broken,Y,N,35,2,3,2927195.03,753087.2933,3970.245696
OBSC6L71,solid,N,N,,0,4,2927112.055,753255.3763,3266.818935
OBSC6L71,Solid,N,N,,0,4,2927212.497,753057.5446,4099.987599
OBSC6L71,Rubble,N,N,65,4,2,2927211.487,753059.2475,4092.494718
OBSC6L71,Solid,N,N,,0,4,2927203.408,753072.9596,4032.5722370000003
OBSC6L71,Broken,N,N,25,3,3,2927195.21,753086.9793,3971.5980010000003
OBSC6L71,Solid,N,N,,0,4,2927112.08,753255.3169,3267.060482
6XCNNBWS,solid,N,N,,0,4,2926537.952,753358.3638,4029.642025
6XCNNBWS,broken,N,N,80,3,3,2926525.188,753376.8642,3952.864232
6XCNNBWS,solid,N,N,,0,4,2926445.219,753501.5481,3443.211078
CVKC8Z9X,solid,N,N,,0,4,2926255.533,753071.4164,3622.316943
CVKC8Z9X,broken,N,N,20,2,3,2926194.342,753189.8341,3126.9389435000003
CVKC8Z9X,solid,N,N,,0,4,2926190.651,753197.0973,3095.99348
CVKC8Z9X,Broken,N,N,50,3,4,2926187.786,753202.7517,3071.810445
CVKC8Z9X,solid,N,N,,0,4,2926173.533,753231.7276,2948.467495
HGAFUBPL,solid,N,N,,0,4,2926576.624,753313.6464,3474.053014
LXDMAOUC,solid,N,N,,0,4,2926370.373,752880.6715,3715.253772
LXDMAOUC,broken,Y,Y,,2,3,2926309.112,752982.5454,3305.1437754999997
LXDMAOUC,solid,N,N,,0,4,2926292.68,753013.0364,3184.5185343000003
LXDMAOUC,broken,N,N,,3,3,2926277.843,753042.2223,3069.591456
LXDMAOUC,solid,N,N,,0,4,2926258.221,753081.723,2911.6337836000002
H8KJFXBI,solid,N,N,,0,4,2926679.944,753172.6737,3427.392426
2IP62T26,solid,N,N,,0,4,2926511.957,752666.2531,3966.031712
2IP62T26,broken,N,N,20,3,4,2926485.91,752709.8034,3800.6416289999997
2IP62T26,solid,N,N,,0,4,2926480.705,752718.7644,3766.687962
2IP62T26,broken,N,N,40,3,4,2926475.656,752727.5983,3733.199486
2IP62T26,rubble,N,N,,1,3,2926474.938,752728.8619,3728.415418
2IP62T26,Broken,N,N,20,3,4,2926473.934,752730.6317,3721.7177229999998
2IP62T26,solid,N,N,,0,4,2926470.147,752737.3406,3696.3621599999997
2IP62T26,broken,N,N,10,3,3,2926464.668,752747.0995,3659.524828
2IP62T26,solid,N,N,,0,4,2926400.729,752880.5501,3175.670101
93HRPD6N,solid,N,N,,0,4,2926556.509,753706.4245,3686.088262
93HRPD6N,broken,N,N,70,3,4,2926505.18,753799.0184,3271.390333
93HRPD6N,solid,N,N,,0,4,2926497.463,753813.5885,3206.450783
93HRPD6N,broken,N,N,30,3,4,2926489.935,753827.9662,3141.446089
93HRPD6N,solid,N,N,,0,4,2926479.125,753849.0621,3045.840895
5TGKPF4F,solid,N,N,,0,4,2926612.501,752898.3769,3395.986411
V0QEJWH5,solid,N,N,,0,4,2926707.726,753464.8245,4029.242194
V0QEJWH5,Broken,N,N,80,3,4,2926695.931,753481.4235,3955.502234
V0QEJWH5,solid,N,N,,0,4,2926675.733,753510.766,3823.991741
V0QEJWH5,broken,N,N,40,3,4,2926656.225,753540.3914,3691.663579
V0QEJWH5,solid,N,N,,0,4,2926606.16,753623.7242,3318.888176
V0QEJWH5,broken,N,N,65,3,4,2926563.273,753706.8313,2945.937826
V0QEJWH5,Solid,N,N,,0,4,2926558.813,753716.0583,2904.69192
D1QW1EC1,solid,N,N,,0,4,2926217.578,753507.1291,3659.452925
D1QW1EC1,rubble,N,N,70,2,3,2926166.66,753621.2147,3217.788244
D1QW1EC1,solid,N,N,,0,4,2926156.523,753646.5564,3118.989125
D1QW1EC1,Broken,N,N,15,3,4,2926146.553,753672.0208,3020.204488
D1QW1EC1,Solid,N,N,,0,4,2926144.405,753677.5962,2998.512342
0B1M167T,solid,N,N,,0,4,2926730.064,753427.7063,3441.582834
N47HL7T7,solid,N,N,,0,4,2926364.351,753261.9511,3984.067528
N47HL7T7,Broken,N,N,60,3,4,2926346.546,753292.0717,3865.106766
N47HL7T7,Solid,N,N,,0,4,2926343.56,753297.2325,3844.9709439999997
N47HL7T7,Rubble,Y,N,30,2,4,2926340.397,753302.75,3823.388459
N47HL7T7,solid,N,N,,0,4,2926330.808,753319.8699,3756.716129
N47HL7T7,Rubble,Y,N,30,2,4,2926321.289,753337.2709,3689.324321
N47HL7T7,solid,N,N,,0,4,2926294.225,753388.1576,3492.07265
N47HL7T7,broken,N,N,50,3,4,2926267.585,753440.9926,3287.196775
N47HL7T7,Solid,N,N,,0,4,2926255.037,753466.4474,3187.663821
N47HL7T7,Broken,N,N,50,2,3,2926243.207,753491.3879,3090.5092489999997
N47HL7T7,solid,N,N,,0,4,2926239.364,753499.5387,3058.763439
N47HL7T7,Broken,N,N,30,3,4,2926236.221,753506.2342,3032.796423
N47HL7T7,solid,N,N,,0,4,2926228.383,753522.9833,2967.878884
J7RY9IFU,solid,N,N,,0,4,2926834.8,753295.4061,3421.918044
ELUHEAG7,solid,N,N,,0,4,2926449.071,753130.5643,3826.541878
ELUHEAG7,Rubble,N,N,20,2,4,2926407.698,753195.8471,3541.072449
ELUHEAG7,Solid,N,N,,0,4,2926386.23,753234.2874,3375.321016
ELUHEAG7,Broken,N,N,70,3,4,2926365.454,753273.1048,3209.310128
ELUHEAG7,solid,N,N,,0,4,2926352.519,753298.3021,3102.501934
ELUHEAG7,Rubble,N,N,20,3,4,2926339.943,753323.4669,2996.160194
ELUHEAG7,solid,N,N,,0,4,2926334.02,753335.4335,2945.386519
ELUHEAG7,Broken,N,Y,15,2,3,2926328.09,753347.7364,2893.659116
ELUHEAG7,solid,N,N,,0,4,2926323.795,753357.0077,2854.986173
8HGMBTLG,solid,N,N,,0,4,2926930.631,753124.2269,3400.8322077000003
EZKC2IH9,solid,N,N,,0,4,2926514.956,753060.9608,3493.149699
EZKC2IH9,broken,N,N,60,3,4,2926439.706,753235.7503,2842.414314
EZKC2IH9,Solid,N,N,,0,4,2926434.353,753249.3629,2791.993112
9QDXS1XK,Solid,N,N,,0,4,2926783.021,752997.3592,3429.869235
9QDXS1XK,Broken,N,N,60,3,4,2926701.817,753164.1513,2721.255877
9QDXS1XK,solid,N,N,,0,4,2926700.782,753166.4493,2711.578785
74F0ESX5,solid,N,N,,0,4,2919044.995,748011.532,4133.205484
74F0ESX5,Broken,N,N,60,3,2,2919037.543,748021.8004,4086.91273
74F0ESX5,solid,N,N,,0,4,2919024.331,748040.4082,4002.959324
74F0ESX5,broken,N,N,50,3,4,2919013.307,748056.5633,3930.0366679999997
74F0ESX5,solid,N,N,,0,4,2919003.661,748070.9491,3865.314228
74F0ESX5,broken,N,N,70,3,4,2918995.549,748083.3102,3809.747598
74F0ESX5,solid,N,N,,0,4,2918924.986,748202.7307,3270.829637
QYM0KYTJ,solid,N,N,,0,4,2919382.242,748247.3635,3374.794965
FDZZ1FK6,solid,N,N,,0,4,2919311.291,747969.1926,4063.482328
FDZZ1FK6,broken,N,N,60,3,3,2919296.379,747991.8408,3958.9420760000003
FDZZ1FK6,solid,N,N,,0,4,2919291.425,747999.3718,3923.572732
FDZZ1FK6,broken,N,N,50,3,4,2919285.88,748008.0611,3882.857306
FDZZ1FK6,solid,N,N,,0,4,2919281.061,748015.713,3846.9794620000002
FDZZ1FK6,Broken,N,N,50,3,4,2919276.833,748022.4922,3814.9612239999997
FDZZ1FK6,solid,N,N,,0,4,2919204.971,748149.5812,3209.325396
TNLY71QC,solid,N,N,,3,4,2918971.911,747756.0087,4060.49201
TNLY71QC,broken,N,N,50,3,4,2918955.509,747785.8486,3940.2194689999997
TNLY71QC,solid,N,N,,0,4,2918952.043,747792.3353,3914.500425
TNLY71QC,broken,N,N,50,3,4,2918948.627,747798.7919,3889.026985
TNLY71QC,solid,N,N,,0,4,2918940.116,747815.3758,3823.89189
TNLY71QC,broken,N,N,50,3,4,2918931.93,747832.1832,3759.0326059999998
TNLY71QC,broken,N,N,50,3,4,2918930.2,747835.8205,3745.103249
TNLY71QC,solid,N,N,,0,4,2918871.647,747981.1438,3202.285905
8T8ZSF4C,solid,N,N,,0,4,2919691.545,748120.1545,4041.940659
8T8ZSF4C,broken,N,N,80,2,4,2919668.302,748162.933,3903.2379069999997
8T8ZSF4C,solid,N,N,,0,4,2919663.175,748172.7252,3872.144161
8T8ZSF4C,Broken,N,N,70,3,4,2919659.629,748179.5655,3850.473094
8T8ZSF4C,solid,N,N,,0,4,2919575.936,748379.7349,3240.473233
6EM9TJIY,solid,N,N,,0,4,2919144.212,747857.631,4072.6196529999997
6EM9TJIY,broken,N,N,60,3,4,2919131.094,747878.438,3975.176473
6EM9TJIY,solid,N,N,,0,4,2919124.246,747889.3397,3923.2485349999997
6EM9TJIY,broken,Y,N,40,2,4,2919117.57,747900.0477,3871.772683
6EM9TJIY,solid,N,N,,0,4,2919111.787,747909.4738,3826.0921820000003
6EM9TJIY,rubble,Y,N,70,2,4,2919106.417,747918.4391,3782.579538
6EM9TJIY,solid,N,N,,0,4,2919041.992,748035.9084,3201.326869
ZY5DA20A,solid,N,N,,0,4,2918654.526,748627.0881,3629.974276
KL82U9B4,solid,N,N,,0,4,2918550.659,748406.4534,4139.046821
KL82U9B4,broken,N,N,80,3,4,2918547.158,748412.8364,4111.492348
KL82U9B4,solid,N,N,,0,4,2918490.642,748532.2174,3589.986507
YFT8GDHQ,solid,N,N,,0,4,2918590.353,748371.5264,3572.317767
AODZUPCD,solid,N,N,,0,4,2918755.004,748091.2822,4049.541453
AODZUPCD,broken,N,N,70,3,4,2918739.31,748119.0743,3932.8270540000003
AODZUPCD,solid,N,N,,0,4,2918672.608,748251.4158,3383.995199
0SNS2BAG,solid,N,N,,0,4,2918861.377,747923.9672,4042.295403
0SNS2BAG,Broken,N,N,70,3,4,2918840.555,747955.7354,3907.0277619999997
0SNS2BAG,solid,N,N,,0,4,2918827.756,747976.661,3820.435363
0SNS2BAG,broken,N,N,70,3,4,2918816.464,747995.4922,3745.068949
0SNS2BAG,solid,N,N,,0,4,2918746.107,748130.5331,3247.6288360999997
63SUBO2Q,solid,N,N,,0,4,2922731.166,750411.3878,4074.977154
63SUBO2Q,rubble,N,N,80,2,3,2922720.466,750429.0914,3998.2155940000002
63SUBO2Q,solid,N,N,,0,4,2922716.46,750435.8908,3968.754215
63SUBO2Q,Broken,N,N,70,3,4,2922710.423,750446.2097,3923.8172839999997
63SUBO2Q,solid,N,N,,0,4,2922658.017,750547.6591,3467.4079325000002
09R9UG3V,solid,N,N,,0,4,2922846.258,750231.8753,4128.286084
09R9UG3V,broken,N,N,70,3,4,2922842.166,750238.8277,4100.951602
09R9UG3V,rubble,N,N,,2,4,2922840.508,750241.6191,4089.919491
09R9UG3V,broken,N,N,70,3,4,2922839.497,750243.3173,4083.204293
09R9UG3V,solid,N,N,,0,4,2922832.753,750254.7031,4038.105717
09R9UG3V,broken,N,N,70,3,4,2922825.573,750267.1827,3988.659356
09R9UG3V,Solid,N,N,,0,4,2922821.65,750274.2516,3960.8089339999997
09R9UG3V,broken,N,N,70,3,4,2922817.465,750281.8683,3930.531581
09R9UG3V,broken,N,Y,70,2,3,2922815.303,750285.838,3914.66284
09R9UG3V,broken,N,N,60,3,4,2922813.356,750289.4456,3900.233855
09R9UG3V,Solid,N,N,,0,4,2922808.444,750298.6518,3863.1750119999997
09R9UG3V,broken,N,N,60,3,4,2922804.075,750306.9865,3829.4637940000002
09R9UG3V,solid,N,N,,0,4,2922750.336,750419.8762,3369.66949
07SWRXNE,solid,N,N,,0,4,2922937.949,750089.5533,4028.18552
07SWRXNE,broken,N,N,75,3,4,2922919.403,750120.5404,3896.549441
07SWRXNE,solid,N,N,,0,4,2922850.74,750251.6045,3334.206351
MGXUCIQP,Solid,N,N,,0,4,2923146.08,749759.6038,3984.496269
MGXUCIQP,broken,N,N,75,3,4,2923120.159,749796.7578,3814.427858
MGXUCIQP,solid,N,N,,0,4,2923040.024,749934.1054,3181.64301
8TJE6A7T,solid,N,N,,0,4,2925227.364,751612.5216,3878.4227730000002
8TJE6A7T,broken,N,N,70,2,3,2925205.497,751622.7563,3609.004903
8TJE6A7T,solid,N,N,,0,4,2925200.559,751625.5166,3543.24787
8TJE6A7T,broken,N,N,70,3,4,2925195.855,751628.0328,3482.9836
8TJE6A7T,solid,N,N,,0,4,2925169.358,751642.7201,3148.3525191999997
5HIT2VM0,Solid,N,N,,0,4,2919722.993,749932.2834,3818.83216
0UTSOS26,solid,N,N,,0,4,2912313.704,745916.396,4108.894926
0UTSOS26,Broken,N,N,80,3,4,2912315.823,745911.6316,4046.111503
0UTSOS26,solid,N,N,,0,4,2912318.625,745901.1461,3901.170427
0UTSOS26,broken,N,N,70,3,3,2912317.77,745891.9668,3755.7244229999997
0UTSOS26,solid,N,N,,0,4,2912315.542,745888.4986,3677.1830680000003
KY4QDIX4,solid,N,N,,0,4,2922731.4,750765.7454,3960.836205
KY4QDIX4,Broken,N,N,55,3,4,2922723.104,750779.4599,3765.4928879999998
KY4QDIX4,solid,N,N,,0,4,2922713.864,750795.6738,3542.272096
KY4QDIX4,Broken,N,N,60,3,4,2922704.579,750809.8681,3319.417857
KY4QDIX4,solid,N,N,,0,4,2922702.473,750813.1234,3266.559883
KY4QDIX4,broken,N,N,60,3,4,2922700.384,750816.4742,3210.899877
KY4QDIX4,rubble,N,N,,2,3,2922700.151,750816.8522,3203.413034
KY4QDIX4,solid,N,N,,0,4,2922699.953,750817.1734,3196.723678
KY4QDIX4,rubble,N,N,,2,3,2922699.761,750817.4851,3190.234003
KY4QDIX4,solid,N,N,,0,4,2922699.539,750817.8447,3182.7459178999998
Y09MAZLZ,solid,N,N,,0,4,2916820.929,748168.5024,4044.055195
Y09MAZLZ,Broken,N,N,80,3,4,2916818.686,748176.6233,3875.766592
Y09MAZLZ,solid,N,N,,0,4,2916816.409,748183.1416,3629.872743
YQ3Y9K96,solid,N,N,,0,4,2931063.495,748597.4078,4067.2515759999997
YQ3Y9K96,Broken,N,N,70,3,4,2931057.377,748605.3294,3981.080975
YQ3Y9K96,rubble,N,N,,2,3,2931057.001,748605.8321,3975.616862
YQ3Y9K96,solid,N,N,,0,4,2931055.242,748608.235,3949.536333
YQ3Y9K96,broken,N,N,60,3,4,2931052.186,748612.5204,3902.932661
YQ3Y9K96,Rubble,N,N,,2,3,2931050.524,748614.9088,3877.096012
YQ3Y9K96,Broken,N,N,60,3,4,2931049.977,748615.7081,3868.5506809999997
YQ3Y9K96,solid,N,N,,0,4,2931032.616,748643.6901,3551.261335
YQ3Y9K96,rubble,N,N,50,2,3,2931018.491,748670.7583,3236.237828
YQ3Y9K96,Broken,N,N,40,3,4,2931017.188,748673.2739,3206.874214
YQ3Y9K96,solid,N,N,,0,4,2930993.805,748719.8259,2744.814874
YQ3Y9K96,broken,N,N,40,3,4,2930976.381,748759.7728,2300.962455
YQ3Y9K96,rubble,Y,N,,2,4,2930976.149,748760.5312,2290.993957
YQ3Y9K96,solid,N,N,20,3,2,2930975.904,748761.3806,2279.527986
YQ3Y9K96,solid,N,N,,0,4,2930974.534,748769.1615,2172.827442
YQ3Y9K96,broken,N,N,80,3,4,2930973.444,748781.8395,2066.083567
YQ3Y9K96,solid,N,N,,0,4,2930970.384,748822.1165,1737.0539665000001
33KM6Z05,Solid,N,N,,0,4,2925211.167,752482.6977,3736.078586
33KM6Z05,Rubble,N,N,,4,3,2925132.37,752646.9781,3391.264108
BQYX70A5,Solid,N,N,,0,4,2929893.171,745975.8885,3693.5524029999997
BQYX70A5,Broken,N,Y,80,3,3,2929923.941,746009.2554,3220.727946
BQYX70A5,Solid,N,N,,0,4,2929935.107,746020.9173,3055.515671
BQYX70A5,Broken,N,N,45,3,3,2929946.973,746032.6547,2887.342597
BQYX70A5,Broken,N,Y,35,2,3,2929947.305,746032.9612,2882.865331
BQYX70A5,Solid,N,N,,0,4,2929949.369,746034.9306,2855.262364
BQYX70A5,Rubble,N,N,,4,2,2929951.372,746036.7385,2827.895125
BQYX70A5,Solid,N,N,,0,4,2930007.772,746079.0652,2115.487312
BQYX70A5,Broken,N,N,30,3,4,2930067.912,746117.485,1402.051711
BQYX70A5,Rubble,N,Y,30,2,4,2930068.143,746117.6085,1399.565456
BQYX70A5,Broken,N,N,40,3,4,2930068.189,746117.6332,1399.068211
BQYX70A5,Solid,N,N,,0,4,2930072.392,746119.8561,1354.470957
BQYX70A5,Broken,N,N,30,3,4,2930076.618,746122.1155,1309.626315
BQYX70A5,Broken,N,Y,50,2,4,2930076.782,746122.204,1307.886224
BQYX70A5,Broken,N,N,45,3,4,2930077.202,746122.4318,1303.411703
BQYX70A5,Solid,N,N,,0,4,2930085.13,746126.7622,1218.893095
BQYX70A5,Broken,N,Y,15,2,3,2930092.908,746131.2798,1135.728145
BQYX70A5,Solid,N,N,,0,4,2930107.719,746140.1025,976.6596400000001
9Q630OGM,solid,N,N,,0,4,2925422.293,753951.1537,4067.1655499999997
9Q630OGM,Broken,N,N,70,2,2,2925419.52,753962.3951,4037.548483
9Q630OGM,Solid,N,N,,0,4,2925399.901,754042.6131,3822.084962
9Q630OGM,broken,n,n,60,3,3,2925381.552,754120.9724,3605.878693
9Q630OGM,solid,N,N,,0,4,2925381.352,754121.848,3603.438832
9Q630OGM,rubble,n,n,,2,3,2925380.861,754123.985,3597.479427
9Q630OGM,solid,n,n,,0,4,2925369.227,754174.2653,3456.424603
9Q630OGM,rubble,y,y,,1,3,2925357.809,754222.6944,3319.324676
9Q630OGM,solid,n,n,,0,4,2925356.167,754229.9742,3298.735435
9Q630OGM,rubble,y,n,30,2,3,2925354.539,754237.366,3277.918809
9Q630OGM,solid,n,n,,0,4,2925353.65,754241.2266,3267.069458
8MUQQXRQ,Solid,n,n,,0,4,2926947.493,753038.5125,3408.180683
408UFXUZ,Solid,n,n,,0,4,2921143.22,750295.0111,3836.240629
408UFXUZ,broken,n,n,40,3,2,2921081.742,750369.5973,3509.766461
408UFXUZ,solid,n,n,,0,4,2921060.703,750397.9878,3380.200142
408UFXUZ,Broken,n,n,60,2,2,2921040.795,750426.1607,3248.132029
408UFXUZ,Broken,y,n,80,1,3,2921040.096,750427.1682,3243.336315
408UFXUZ,Broken,n,n,35,2,3,2921039.532,750427.9824,3239.460992
408UFXUZ,Solid,n,n,,0,4,2921037.943,750430.2721,3228.561643
EAWDG5HR,solid,n,n,,0,4,2919333.817,748603.1366,4141.688808
EAWDG5HR,broken,n,n,70,3,3,2919337.879,748598.8218,4108.209224
EAWDG5HR,broken,n,n,50,2,4,2919340.178,748596.3699,4089.0011059999997
EAWDG5HR,broken,y,n,20,2,4,2919340.651,748595.8598,4085.0112790000003
EAWDG5HR,broken,n,n,50,2,4,2919341.436,748595.0085,4078.361312
EAWDG5HR,Broken,y,n,20,2,3,2919342.125,748594.2572,4072.49926
EAWDG5HR,solid,n,n,,0,4,2919383.662,748548.6247,3690.204809
TY8NGRRU,Solid,n,n,,0,4,2918527.135,749074.9727,3970.803077
TY8NGRRU,broken,n,n,60,3,3,2918456.722,749098.7039,3762.6696730000003
TY8NGRRU,Solid,n,n,,0,4,2918449.26,749101.1567,3740.521353
TY8NGRRU,Broken,n,n,60,3,3,2918443.474,749103.0659,3723.318445
TY8NGRRU,solid,n,n,,0,4,2918439.199,749104.4807,3710.5915370000002
TY8NGRRU,broken,n,n,30,3,3,2918435.166,749105.8188,3698.57053
TY8NGRRU,solid,n,n,,0,4,2918433.743,749106.2908,3694.327537
TY8NGRRU,broken,n,n,20,3,3,2918432.636,749106.6577,3691.027321
TY8NGRRU,solid,n,n,,0,4,2918395.828,749118.7889,3580.791842
TY8NGRRU,Broken,n,n,40,3,4,2918353.532,749133.5047,3452.111872
TY8NGRRU,Broken,n,y,40,1c,4,2918345.579,749136.2694,3427.830494
TY8NGRRU,solid,n,n,,0,4,2918340.765,749137.9318,3413.138125
TY8NGRRU,Broken,n,n,55,3,3,2918336.307,749139.4432,3399.581909
TY8NGRRU,solid,n,n,,0,3,2918332.425,749140.7325,3387.823224
TY8NGRRU,Broken,n,n,20,3,3,2918329.108,749141.8142,3377.813776
TY8NGRRU,Broken,n,n,40,3,3,2918324.964,749143.1405,3365.3517524999997
TY8NGRRU,solid,n,y,40,1c,4,2918321.501,749144.2332,3354.9683176999997
TY8NGRRU,broken,n,n,50,3,4,2918318.967,749145.0327,3347.369565
RTKKAE0Y,solid,n,n,,0,4,2922541.461,750535.1066,4088.854484
RTKKAE0Y,broken,y,n,70,2,2,2922542.584,750525.9584,4033.77027
RTKKAE0Y,broken,n,n,90,3,2,2922543.117,750521.5408,4007.139452
RTKKAE0Y,solid,n,n,,0,0,2922544.456,750510.4272,3940.4220130000003
RTKKAE0Y,solid,n,n,,0,4,2922549.824,750465.2321,3672.257243
38QLEEKX,solid,N,N,,0,4,2917350.387,747583.6488,3785.6128280000003
